"node","weight"
1,1.58782629683518
2,0.24
3,1.59
4,0.78
5,0.441
6,1.66
7,1.485
8,9.15
9,3.6655
10,0.564
11,0.751
12,7.50252110946117
13,1.1025
14,0.448
15,0.607
16,0.43
17,0.42
18,0.28
19,0.033
20,0.048
21,0.048
22,0.096
23,0.159
24,0.2875
25,0.129
26,0.287
27,0.38
28,0.426
29,0.8245
30,0.066
31,0.058
32,0.082
33,0.038
34,0.082
35,0.142
36,0.148
37,0.166
38,0.306
39,0.018
40,0.006
41,0.253
42,0.103
43,0.162
44,0.24
45,0.24
46,0.343
47,0.343
48,0.086
49,0.301
50,0.21
51,0.361
52,0.228
53,0.2
54,0.062
55,0.13
56,0.125
57,0.067
