"node","total_alert_periods_pointsource","total_alert_periods_systemic"
"16",12,0
"13",9,0
"17",9,0
"40",9,0
"9",9,0
"10",7,0
"15",7,0
"24",7,0
"30",7,1
"4",7,0
"57",7,0
"7",7,0
"2",6,0
"44",6,0
"48",6,0
"49",6,0
"54",6,0
"6",6,0
"36",5,3
"39",5,0
"52",5,0
"11",4,0
"31",4,0
"33",4,0
"35",4,1
"37",4,0
"43",4,1
"20",3,1
"22",3,0
"26",3,1
"41",3,0
"42",3,3
"46",3,0
"25",2,2
"28",2,0
"34",2,0
"38",2,0
"5",2,0
"50",2,1
"8",2,0
"1",1,9
"19",1,3
"23",1,0
"3",1,1
"47",1,1
"51",1,0
"55",1,0
"12",0,0
"14",0,0
"18",0,1
"21",0,0
"27",0,0
"29",0,0
"32",0,0
"45",0,2
"53",0,0
"56",0,1
