"start_time","end_time","length","node","type"
50,52,3,"1","NCI_i"
55,58,4,"1","NCI_i"
163,165,3,"2","NCI_i"
198,200,3,"2","NCI_i"
198,200,3,"3","NCI_i"
146,150,5,"4","NCI_i"
158,161,4,"5","NCI_i"
65,67,3,"6","NCI_i"
85,87,3,"6","NCI_i"
158,161,4,"6","NCI_i"
14,17,4,"7","NCI_i"
76,78,3,"7","NCI_i"
158,161,4,"7","NCI_i"
21,23,3,"9","NCI_i"
26,31,6,"9","NCI_i"
25,29,5,"10","NCI_i"
31,33,3,"10","NCI_i"
106,110,5,"10","NCI_i"
27,29,3,"11","NCI_i"
184,186,3,"11","NCI_i"
25,33,9,"12","NCI_i"
102,104,3,"13","NCI_i"
198,200,3,"15","NCI_i"
56,58,3,"16","NCI_i"
97,99,3,"16","NCI_i"
55,58,4,"17","NCI_i"
146,149,4,"18","NCI_i"
156,158,3,"18","NCI_i"
53,55,3,"19","NCI_i"
82,84,3,"19","NCI_i"
88,90,3,"19","NCI_i"
147,149,3,"19","NCI_i"
86,89,4,"20","NCI_i"
147,149,3,"20","NCI_i"
36,39,4,"21","NCI_i"
137,139,3,"21","NCI_i"
162,164,3,"22","NCI_i"
187,190,4,"22","NCI_i"
197,199,3,"22","NCI_i"
161,165,5,"23","NCI_i"
173,175,3,"23","NCI_i"
152,154,3,"24","NCI_i"
171,174,4,"24","NCI_i"
112,114,3,"25","NCI_i"
171,174,4,"25","NCI_i"
130,133,4,"26","NCI_i"
159,161,3,"26","NCI_i"
164,166,3,"26","NCI_i"
131,133,3,"27","NCI_i"
135,137,3,"27","NCI_i"
159,161,3,"27","NCI_i"
130,134,5,"28","NCI_i"
136,138,3,"28","NCI_i"
166,168,3,"28","NCI_i"
159,162,4,"29","NCI_i"
167,169,3,"29","NCI_i"
73,79,7,"30","NCI_i"
76,79,4,"31","NCI_i"
110,113,4,"31","NCI_i"
117,120,4,"31","NCI_i"
174,177,4,"31","NCI_i"
110,113,4,"32","NCI_i"
174,177,4,"32","NCI_i"
179,181,3,"32","NCI_i"
185,188,4,"32","NCI_i"
174,181,8,"33","NCI_i"
110,113,4,"34","NCI_i"
174,177,4,"34","NCI_i"
185,190,6,"34","NCI_i"
24,27,4,"35","NCI_i"
185,192,8,"35","NCI_i"
185,192,8,"36","NCI_i"
183,191,9,"37","NCI_i"
196,200,5,"37","NCI_i"
113,115,3,"38","NCI_i"
183,190,8,"38","NCI_i"
194,200,7,"38","NCI_i"
115,118,4,"39","NCI_i"
171,173,3,"39","NCI_i"
184,190,7,"39","NCI_i"
187,190,4,"40","NCI_i"
27,29,3,"41","NCI_i"
27,29,3,"43","NCI_i"
194,198,5,"43","NCI_i"
167,169,3,"44","NCI_i"
183,185,3,"44","NCI_i"
196,198,3,"44","NCI_i"
182,184,3,"45","NCI_i"
198,200,3,"45","NCI_i"
140,144,5,"46","NCI_i"
198,200,3,"46","NCI_i"
140,144,5,"47","NCI_i"
146,149,4,"47","NCI_i"
198,200,3,"47","NCI_i"
196,200,5,"48","NCI_i"
113,116,4,"49","NCI_i"
185,190,6,"49","NCI_i"
193,196,4,"49","NCI_i"
113,116,4,"50","NCI_i"
123,126,4,"50","NCI_i"
74,76,3,"51","NCI_i"
106,109,4,"51","NCI_i"
138,140,3,"52","NCI_i"
145,150,6,"52","NCI_i"
173,175,3,"52","NCI_i"
146,150,5,"53","NCI_i"
20,22,3,"54","NCI_i"
25,29,5,"55","NCI_i"
38,40,3,"55","NCI_i"
154,160,7,"56","NCI_i"
117,119,3,"57","NCI_i"
121,125,5,"57","NCI_i"
162,165,4,"57","NCI_i"
62,64,3,"3","SEI_i low"
143,146,4,"6","SEI_i low"
148,150,3,"6","SEI_i low"
152,154,3,"6","SEI_i low"
157,161,5,"7","SEI_i low"
106,109,4,"10","SEI_i low"
62,66,5,"12","SEI_i low"
124,126,3,"14","SEI_i low"
15,18,4,"18","SEI_i low"
82,84,3,"18","SEI_i low"
133,135,3,"19","SEI_i low"
137,139,3,"19","SEI_i low"
71,74,4,"20","SEI_i low"
39,42,4,"22","SEI_i low"
183,186,4,"23","SEI_i low"
191,195,5,"23","SEI_i low"
83,87,5,"24","SEI_i low"
59,64,6,"25","SEI_i low"
176,181,6,"25","SEI_i low"
13,15,3,"26","SEI_i low"
31,33,3,"27","SEI_i low"
183,186,4,"27","SEI_i low"
37,39,3,"28","SEI_i low"
196,199,4,"29","SEI_i low"
16,18,3,"30","SEI_i low"
75,80,6,"30","SEI_i low"
118,120,3,"30","SEI_i low"
107,113,7,"31","SEI_i low"
61,64,4,"32","SEI_i low"
87,90,4,"32","SEI_i low"
20,28,9,"33","SEI_i low"
94,96,3,"33","SEI_i low"
140,143,4,"34","SEI_i low"
156,161,6,"34","SEI_i low"
127,129,3,"35","SEI_i low"
135,137,3,"35","SEI_i low"
18,25,8,"36","SEI_i low"
44,49,6,"36","SEI_i low"
171,175,5,"37","SEI_i low"
181,183,3,"37","SEI_i low"
10,14,5,"38","SEI_i low"
32,34,3,"38","SEI_i low"
14,19,6,"39","SEI_i low"
168,170,3,"39","SEI_i low"
30,34,5,"41","SEI_i low"
131,135,5,"42","SEI_i low"
194,196,3,"43","SEI_i low"
167,170,4,"44","SEI_i low"
113,116,4,"49","SEI_i low"
123,126,4,"49","SEI_i low"
77,79,3,"51","SEI_i low"
147,149,3,"52","SEI_i low"
8,10,3,"53","SEI_i low"
43,46,4,"55","SEI_i low"
48,52,5,"55","SEI_i low"
110,112,3,"56","SEI_i low"
118,122,5,"56","SEI_i low"
102,106,5,"57","SEI_i low"
122,125,4,"57","SEI_i low"
170,172,3,"2","SEI_i high"
16,18,3,"4","SEI_i high"
14,18,5,"6","SEI_i high"
62,66,5,"9","SEI_i high"
90,92,3,"11","SEI_i high"
21,23,3,"12","SEI_i high"
150,155,6,"16","SEI_i high"
43,45,3,"18","SEI_i high"
154,158,5,"19","SEI_i high"
153,155,3,"25","SEI_i high"
157,159,3,"25","SEI_i high"
59,61,3,"29","SEI_i high"
63,65,3,"29","SEI_i high"
97,99,3,"30","SEI_i high"
175,177,3,"30","SEI_i high"
48,54,7,"31","SEI_i high"
56,62,7,"31","SEI_i high"
146,148,3,"32","SEI_i high"
156,161,6,"32","SEI_i high"
137,139,3,"33","SEI_i high"
7,9,3,"34","SEI_i high"
120,122,3,"34","SEI_i high"
20,22,3,"35","SEI_i high"
77,85,9,"35","SEI_i high"
156,158,3,"35","SEI_i high"
135,137,3,"36","SEI_i high"
194,200,7,"36","SEI_i high"
65,70,6,"37","SEI_i high"
137,139,3,"37","SEI_i high"
78,80,3,"39","SEI_i high"
83,86,4,"39","SEI_i high"
113,115,3,"41","SEI_i high"
29,33,5,"42","SEI_i high"
12,14,3,"44","SEI_i high"
45,47,3,"44","SEI_i high"
142,144,3,"45","SEI_i high"
7,9,3,"48","SEI_i high"
72,74,3,"50","SEI_i high"
72,75,4,"52","SEI_i high"
196,198,3,"52","SEI_i high"
127,129,3,"55","SEI_i high"
31,33,3,"56","SEI_i high"
173,175,3,"56","SEI_i high"
177,179,3,"56","SEI_i high"
30,32,3,"57","SEI_i high"
42,46,5,"57","SEI_i high"
147,151,5,"57","SEI_i high"
158,161,4,"7","Joint point-source"
106,109,4,"10","Joint point-source"
75,79,5,"30","Joint point-source"
110,113,4,"31","Joint point-source"
194,196,3,"43","Joint point-source"
167,169,3,"44","Joint point-source"
113,116,4,"49","Joint point-source"
147,149,3,"52","Joint point-source"
122,125,4,"57","Joint point-source"
