"time","HHI","NCI","SEI","roll_cor","alert_NCI","alert_SEI_low","alert_SEI_high","alert_joint_pointsource","alert_joint_systemic","alert_type"
1,0.133058840156973,0.162496441570999,0.293550018852493,NA,FALSE,FALSE,FALSE,FALSE,FALSE,"None"
2,0.124829732727841,0.226786222567222,0.426306416729124,NA,FALSE,FALSE,FALSE,FALSE,FALSE,"None"
3,0.130655797093006,0.195092486800636,0.361207400503716,NA,FALSE,FALSE,FALSE,FALSE,FALSE,"None"
4,0.125568580736996,0.24358970224277,0.46576377154548,NA,TRUE,FALSE,TRUE,FALSE,TRUE,"Joint: systemic"
5,0.157477612894276,0.182009893862916,0.275786347289599,NA,FALSE,FALSE,FALSE,FALSE,FALSE,"None"
6,0.146305420088809,0.157896384998328,0.255401899376263,NA,FALSE,FALSE,FALSE,FALSE,FALSE,"None"
7,0.14034275229055,0.214966650238051,0.360890048984985,NA,FALSE,FALSE,FALSE,FALSE,FALSE,"None"
8,0.161209058798613,0.18174821592583,0.254779949672393,NA,FALSE,FALSE,FALSE,FALSE,FALSE,"None"
9,0.13809567876106,0.238917219950086,0.391826032687993,NA,TRUE,FALSE,FALSE,FALSE,FALSE,"NCI only"
10,0.147275219772376,0.225820167411956,0.352942608986178,NA,FALSE,FALSE,FALSE,FALSE,FALSE,"None"
11,0.159549395370772,0.172560162021337,0.244888469368891,NA,FALSE,FALSE,FALSE,FALSE,FALSE,"None"
12,0.16221398285916,0.153410379209758,0.234024287634779,NA,FALSE,TRUE,FALSE,FALSE,FALSE,"SEI low only"
13,0.17014324485012,0.174474573162509,0.248769842723683,NA,FALSE,FALSE,FALSE,FALSE,FALSE,"None"
14,0.146059227994553,0.203689323800161,0.351546288007925,NA,FALSE,FALSE,FALSE,FALSE,FALSE,"None"
15,0.189757005588073,0.194444008360401,0.258919602331752,NA,FALSE,FALSE,FALSE,FALSE,FALSE,"None"
16,0.171886654549958,0.155300256264899,0.232758191445843,NA,FALSE,TRUE,FALSE,FALSE,FALSE,"SEI low only"
17,0.168226961943625,0.176929505445701,0.271041842232137,NA,FALSE,FALSE,FALSE,FALSE,FALSE,"None"
18,0.165983274987445,0.212919206621311,0.321603475311565,NA,FALSE,FALSE,FALSE,FALSE,FALSE,"None"
19,0.15257217009674,0.18783458480615,0.314367832993097,NA,FALSE,FALSE,FALSE,FALSE,FALSE,"None"
20,0.136535073443296,0.161580439567499,0.300947517695602,0.876604938069317,FALSE,FALSE,FALSE,FALSE,FALSE,"None"
21,0.176376875666892,0.254822402731409,0.335469755936354,0.826850075869265,TRUE,FALSE,FALSE,FALSE,FALSE,"NCI only"
22,0.14834423312188,0.230019398482383,0.360429650986527,0.828820659716914,TRUE,FALSE,FALSE,FALSE,FALSE,"NCI only"
23,0.127037009265222,0.233392603343154,0.411387343229704,0.856157731902867,TRUE,FALSE,FALSE,FALSE,FALSE,"NCI only"
24,0.118928511863506,0.160326187888192,0.333787120803403,0.790397576416928,FALSE,FALSE,FALSE,FALSE,FALSE,"None"
25,0.112006560113337,0.201182160633921,0.363633983496709,0.778659040811917,FALSE,FALSE,FALSE,FALSE,FALSE,"None"
26,0.134762490082459,0.250965943392161,0.399385245894257,0.793459662990384,TRUE,FALSE,FALSE,FALSE,FALSE,"NCI only"
27,0.142902619499458,0.278893561179335,0.405197286229581,0.813494005228219,TRUE,FALSE,FALSE,FALSE,FALSE,"NCI only"
28,0.130300746967439,0.245526607060759,0.373139977762045,0.82046374804785,TRUE,FALSE,FALSE,FALSE,FALSE,"NCI only"
29,0.135362936430988,0.240530750970289,0.353540936964561,0.812729886209997,TRUE,FALSE,FALSE,FALSE,FALSE,"NCI only"
30,0.1397497084042,0.236664341744897,0.309545895002278,0.785666941639834,TRUE,FALSE,FALSE,FALSE,FALSE,"NCI only"
31,0.130441584068003,0.241317049947721,0.388126950663654,0.78534095767874,TRUE,FALSE,FALSE,FALSE,FALSE,"NCI only"
32,0.134640411614682,0.233108221613521,0.33684723067243,0.748032359333557,TRUE,FALSE,FALSE,FALSE,FALSE,"NCI only"
33,0.136098504252218,0.209095773911974,0.301151951056008,0.723840598804534,FALSE,FALSE,FALSE,FALSE,FALSE,"None"
34,0.125222249817661,0.152607156779903,0.252585203654904,0.769705243614496,FALSE,FALSE,FALSE,FALSE,FALSE,"None"
35,0.147733408696811,0.156960875761498,0.225860841305353,0.804646664073509,FALSE,TRUE,FALSE,FALSE,FALSE,"SEI low only"
36,0.144409149122499,0.16653374743868,0.248186399992884,0.795708086826843,FALSE,FALSE,FALSE,FALSE,FALSE,"None"
37,0.132863785874539,0.177056343325592,0.286213955919023,0.793885335012063,FALSE,FALSE,FALSE,FALSE,FALSE,"None"
38,0.130046993207056,0.229590225919233,0.384600365851524,0.794261297839998,TRUE,FALSE,FALSE,FALSE,FALSE,"NCI only"
39,0.12594113668036,0.209340985358696,0.348125232386847,0.79043367578647,FALSE,FALSE,FALSE,FALSE,FALSE,"None"
40,0.148622291206195,0.206612588559311,0.301412577345769,0.790334177949532,FALSE,FALSE,FALSE,FALSE,FALSE,"None"
41,0.148960300869549,0.151885406746647,0.242726601947988,0.841457787909598,FALSE,FALSE,FALSE,FALSE,FALSE,"None"
42,0.131785387623965,0.225719417336168,0.394407810162423,0.833379013564007,FALSE,FALSE,FALSE,FALSE,FALSE,"None"
43,0.136902044918515,0.157404883803658,0.256215133200521,0.851780305095786,FALSE,FALSE,FALSE,FALSE,FALSE,"None"
44,0.146059273473642,0.174779654314569,0.257300844694847,0.901303178553228,FALSE,FALSE,FALSE,FALSE,FALSE,"None"
45,0.130009079820221,0.189487322320723,0.305091253925301,0.91984007370503,FALSE,FALSE,FALSE,FALSE,FALSE,"None"
46,0.15388651456757,0.154046206686537,0.227608618378789,0.921127200353276,FALSE,TRUE,FALSE,FALSE,FALSE,"SEI low only"
47,0.144592673705576,0.168103476355334,0.285082623746779,0.905760067449351,FALSE,FALSE,FALSE,FALSE,FALSE,"None"
48,0.149519556253165,0.155949545558979,0.247037894434768,0.901612970088016,FALSE,FALSE,FALSE,FALSE,FALSE,"None"
49,0.139820062727084,0.152836108485992,0.24285346282803,0.902636019565619,FALSE,FALSE,FALSE,FALSE,FALSE,"None"
50,0.142857945763304,0.155447442958603,0.23028617407257,0.940698842480469,FALSE,TRUE,FALSE,FALSE,FALSE,"SEI low only"
51,0.129868973705706,0.142074256308122,0.224115907054001,0.932104082852504,FALSE,TRUE,FALSE,FALSE,FALSE,"SEI low only"
52,0.110347453252308,0.186682755965246,0.343392398430485,0.925762679710469,FALSE,FALSE,FALSE,FALSE,FALSE,"None"
53,0.145849430887906,0.149003393622054,0.231477520281032,0.945060597292961,FALSE,TRUE,FALSE,FALSE,FALSE,"SEI low only"
54,0.15415635736061,0.14935253908462,0.21670131757531,0.948767476058071,FALSE,TRUE,FALSE,FALSE,FALSE,"SEI low only"
55,0.111629403845259,0.13459070135616,0.255914467789427,0.925611823293144,FALSE,FALSE,FALSE,FALSE,FALSE,"None"
56,0.129726908360945,0.135930953771997,0.243280049569572,0.921919947901984,FALSE,FALSE,FALSE,FALSE,FALSE,"None"
57,0.141510082038833,0.158718751678834,0.21675362281534,0.91262054610864,FALSE,TRUE,FALSE,FALSE,FALSE,"SEI low only"
58,0.159309741713155,0.151366848555174,0.186624306770206,0.869701750123965,FALSE,TRUE,FALSE,FALSE,FALSE,"SEI low only"
59,0.135494464593223,0.165241003733247,0.251359070325941,0.844357512771,FALSE,FALSE,FALSE,FALSE,FALSE,"None"
60,0.177073570644413,0.148968987477224,0.180305169988559,0.841523872556227,FALSE,TRUE,FALSE,FALSE,FALSE,"SEI low only"
61,0.164621714091759,0.194069061458304,0.250433622046856,0.790354433755104,FALSE,FALSE,FALSE,FALSE,FALSE,"None"
62,0.188378674490936,0.168837113835745,0.186549151081191,0.534050722029504,FALSE,TRUE,FALSE,FALSE,FALSE,"SEI low only"
63,0.188926964826264,0.169798064417153,0.191798629929034,0.477290582993335,FALSE,TRUE,FALSE,FALSE,FALSE,"SEI low only"
64,0.215349123399895,0.194374727215946,0.206515537890884,0.342649131719099,FALSE,TRUE,FALSE,FALSE,FALSE,"SEI low only"
65,0.209287034585869,0.216558291988005,0.24407669296806,0.225335180555279,FALSE,FALSE,FALSE,FALSE,FALSE,"None"
66,0.175202403049391,0.165636991490129,0.219892075723334,0.220179771266045,FALSE,TRUE,FALSE,FALSE,FALSE,"SEI low only"
67,0.128910065933376,0.190668653465868,0.359030634217536,0.338057258592814,FALSE,FALSE,FALSE,FALSE,FALSE,"None"
68,0.112265329953148,0.162901797134847,0.306510841070398,0.319709932288315,FALSE,FALSE,FALSE,FALSE,FALSE,"None"
69,0.161627644608263,0.202709190791472,0.28161343716688,0.366451119825436,FALSE,FALSE,FALSE,FALSE,FALSE,"None"
70,0.143859103508697,0.170648600323157,0.279861972319934,0.362590416073556,FALSE,FALSE,FALSE,FALSE,FALSE,"None"
71,0.148001512512645,0.166323235468739,0.270579665369489,0.346144079681293,FALSE,FALSE,FALSE,FALSE,FALSE,"None"
72,0.144350633456246,0.162994202501003,0.248444401969231,0.296274172424155,FALSE,FALSE,FALSE,FALSE,FALSE,"None"
73,0.128351419691059,0.203926531853169,0.406546402243103,0.430050963545049,FALSE,FALSE,FALSE,FALSE,FALSE,"None"
74,0.147088165149992,0.205943260038528,0.331767243403509,0.470476838095551,FALSE,FALSE,FALSE,FALSE,FALSE,"None"
75,0.125816731159021,0.183257591089192,0.30116725885916,0.51526914468594,FALSE,FALSE,FALSE,FALSE,FALSE,"None"
76,0.141536328418557,0.181334459564959,0.325142247902157,0.537858162960635,FALSE,FALSE,FALSE,FALSE,FALSE,"None"
77,0.14468254004972,0.208300586721788,0.356936514598866,0.56891603494894,FALSE,FALSE,FALSE,FALSE,FALSE,"None"
78,0.165541553764526,0.17189862720082,0.266667120898414,0.519208083382878,FALSE,FALSE,FALSE,FALSE,FALSE,"None"
79,0.177968754311545,0.205650743462543,0.293394192177238,0.513303574480932,FALSE,FALSE,FALSE,FALSE,FALSE,"None"
80,0.127617617459794,0.15307436916277,0.283545641782529,0.389407128861712,FALSE,FALSE,FALSE,FALSE,FALSE,"None"
81,0.139894734964079,0.16927533447734,0.311848245759151,0.383681090038677,FALSE,FALSE,FALSE,FALSE,FALSE,"None"
82,0.157806278734531,0.203683152771232,0.329147629233504,0.374162404038583,FALSE,FALSE,FALSE,FALSE,FALSE,"None"
83,0.160602457476705,0.205129336617723,0.324659945337662,0.353238556716417,FALSE,FALSE,FALSE,FALSE,FALSE,"None"
84,0.122107896820896,0.151390098141723,0.291406331143844,0.431555605900957,FALSE,FALSE,FALSE,FALSE,FALSE,"None"
85,0.151615924127189,0.181386480239629,0.288371432013652,0.613184271622366,FALSE,FALSE,FALSE,FALSE,FALSE,"None"
86,0.184768073194847,0.216353251954624,0.296068521463835,0.53116271743072,FALSE,FALSE,FALSE,FALSE,FALSE,"None"
87,0.160630477085422,0.190018098391824,0.303167441778094,0.538347341707742,FALSE,FALSE,FALSE,FALSE,FALSE,"None"
88,0.178286699254238,0.187453226849011,0.261121837006126,0.53415105074764,FALSE,FALSE,FALSE,FALSE,FALSE,"None"
89,0.164612952894607,0.182802735279552,0.260057725077728,0.56449302626336,FALSE,FALSE,FALSE,FALSE,FALSE,"None"
90,0.127465075808843,0.208466704145152,0.41698914911895,0.586354018179435,FALSE,FALSE,FALSE,FALSE,FALSE,"None"
91,0.147800474798862,0.180168741390425,0.291700369008627,0.569710583208434,FALSE,FALSE,FALSE,FALSE,FALSE,"None"
92,0.128423087414236,0.206591314925184,0.374962318668341,0.551896205823695,FALSE,FALSE,FALSE,FALSE,FALSE,"None"
93,0.145622516208849,0.190580342636828,0.295154129268254,0.537447049283462,FALSE,FALSE,FALSE,FALSE,FALSE,"None"
94,0.133009974134091,0.188086434386652,0.317463999974027,0.525281659442813,FALSE,FALSE,FALSE,FALSE,FALSE,"None"
95,0.128811805710877,0.147168726746187,0.255434397514258,0.582060617635191,FALSE,FALSE,FALSE,FALSE,FALSE,"None"
96,0.102505663271908,0.21507530420539,0.479036743064468,0.614730162223084,FALSE,FALSE,TRUE,FALSE,FALSE,"SEI high only"
97,0.147790461629368,0.167202733847965,0.23654386635456,0.622005736252031,FALSE,TRUE,FALSE,FALSE,FALSE,"SEI low only"
98,0.144976551696596,0.201349045802274,0.261446966327304,0.563269329960803,FALSE,FALSE,FALSE,FALSE,FALSE,"None"
99,0.137376788959052,0.165628384317353,0.243237468257898,0.611378547657252,FALSE,FALSE,FALSE,FALSE,FALSE,"None"
100,0.120231715487216,0.148548217221748,0.250415875573943,0.64260683910029,FALSE,FALSE,FALSE,FALSE,FALSE,"None"
101,0.130881943882461,0.232788294518414,0.381676759739682,0.689450763806865,TRUE,FALSE,FALSE,FALSE,FALSE,"NCI only"
102,0.112797061868167,0.156669233723896,0.286318178778126,0.678088534725326,FALSE,FALSE,FALSE,FALSE,FALSE,"None"
103,0.14222523937618,0.164585299582263,0.234677016985017,0.691881539408158,FALSE,TRUE,FALSE,FALSE,FALSE,"SEI low only"
104,0.139021656688633,0.178036625077446,0.287240051655955,0.718409843546721,FALSE,FALSE,FALSE,FALSE,FALSE,"None"
105,0.11784022276209,0.207907475558621,0.417832914772865,0.729387835615773,FALSE,FALSE,FALSE,FALSE,FALSE,"None"
106,0.122174654799885,0.160582989423783,0.292314386995606,0.764459805516167,FALSE,FALSE,FALSE,FALSE,FALSE,"None"
107,0.107209851475848,0.165256669022727,0.32889960406604,0.741517703711621,FALSE,FALSE,FALSE,FALSE,FALSE,"None"
108,0.147524924300675,0.223586224671337,0.357809586359112,0.754370159720491,FALSE,FALSE,FALSE,FALSE,FALSE,"None"
109,0.153534416236263,0.193298306720098,0.284919689960343,0.750182128069506,FALSE,FALSE,FALSE,FALSE,FALSE,"None"
110,0.0987908994243563,0.206127494272405,0.441705765466043,0.739188230182531,FALSE,FALSE,TRUE,FALSE,FALSE,"SEI high only"
111,0.141389111437597,0.16323261609144,0.264784893382049,0.746578312869393,FALSE,FALSE,FALSE,FALSE,FALSE,"None"
112,0.113223992507071,0.157622275245501,0.354443723673583,0.681832326254623,FALSE,FALSE,FALSE,FALSE,FALSE,"None"
113,0.092482181445454,0.15922071518652,0.402771251860661,0.603127852320537,FALSE,FALSE,FALSE,FALSE,FALSE,"None"
114,0.136004897585378,0.153569454352028,0.283765974173465,0.610356775292983,FALSE,FALSE,FALSE,FALSE,FALSE,"None"
115,0.174580611834044,0.161126433319335,0.229189610158966,0.604366259246051,FALSE,TRUE,FALSE,FALSE,FALSE,"SEI low only"
116,0.143764116240937,0.247804371720828,0.401950119440761,0.599274784605386,TRUE,FALSE,FALSE,FALSE,FALSE,"NCI only"
117,0.111574526640692,0.205561882446093,0.39978633772631,0.612512889293053,FALSE,FALSE,FALSE,FALSE,FALSE,"None"
118,0.142857586734698,0.15635736634927,0.260620959665801,0.676387618466449,FALSE,FALSE,FALSE,FALSE,FALSE,"None"
119,0.131598823460055,0.167712803515182,0.320570631090991,0.671858299096916,FALSE,FALSE,FALSE,FALSE,FALSE,"None"
120,0.172583082533902,0.149887381275203,0.213814380210633,0.674347003728338,FALSE,TRUE,FALSE,FALSE,FALSE,"SEI low only"
121,0.136340056793996,0.188706846136404,0.296032800776951,0.650507765210077,FALSE,FALSE,FALSE,FALSE,FALSE,"None"
122,0.1393749014474,0.166257368010125,0.299870339854541,0.647045981539263,FALSE,FALSE,FALSE,FALSE,FALSE,"None"
123,0.177061492556978,0.180842995543084,0.253036350478222,0.62277967155121,FALSE,FALSE,FALSE,FALSE,FALSE,"None"
124,0.163957197717107,0.154131479155596,0.236635625829946,0.645624541500243,FALSE,FALSE,FALSE,FALSE,FALSE,"None"
125,0.164095703058499,0.184432208865527,0.279370298730484,0.602252950490055,FALSE,FALSE,FALSE,FALSE,FALSE,"None"
126,0.168711015824244,0.139800143008503,0.200958919233041,0.644270689505077,FALSE,TRUE,FALSE,FALSE,FALSE,"SEI low only"
127,0.129655141865641,0.228581199651037,0.414378592824336,0.700798087629968,TRUE,FALSE,FALSE,FALSE,FALSE,"NCI only"
128,0.135376692885207,0.171581592095812,0.318034692495245,0.696113563605957,FALSE,FALSE,FALSE,FALSE,FALSE,"None"
129,0.0947672307234792,0.177103507159263,0.434401381009553,0.670041065659144,FALSE,FALSE,TRUE,FALSE,FALSE,"SEI high only"
130,0.113200697897773,0.174146601967611,0.387866185819732,0.620909208171208,FALSE,FALSE,FALSE,FALSE,FALSE,"None"
131,0.0977435049878543,0.178635743465466,0.408667858623082,0.600193672054413,FALSE,FALSE,FALSE,FALSE,FALSE,"None"
132,0.0896247533744683,0.159095934726055,0.422347933923727,0.551180265248162,FALSE,FALSE,FALSE,FALSE,FALSE,"None"
133,0.120315565135017,0.163938668031366,0.350674057932697,0.593258973379672,FALSE,FALSE,FALSE,FALSE,FALSE,"None"
134,0.111761114271484,0.217900662989302,0.466813355554951,0.639350052506344,FALSE,FALSE,TRUE,FALSE,FALSE,"SEI high only"
135,0.116044783016427,0.158832798457117,0.349145979461121,0.613349351612826,FALSE,FALSE,FALSE,FALSE,FALSE,"None"
136,0.118648780578711,0.167960190907318,0.327328677492883,0.627990644815403,FALSE,FALSE,FALSE,FALSE,FALSE,"None"
137,0.09713032371733,0.203714980739086,0.452300200248418,0.64786469024164,FALSE,FALSE,TRUE,FALSE,FALSE,"SEI high only"
138,0.11675487816033,0.174724264535348,0.381708182754883,0.627272315099607,FALSE,FALSE,FALSE,FALSE,FALSE,"None"
139,0.1085240420364,0.152181825549731,0.336420470893132,0.611304577332049,FALSE,FALSE,FALSE,FALSE,FALSE,"None"
140,0.113865916040556,0.184518855449663,0.409985145053373,0.577965830839835,FALSE,FALSE,FALSE,FALSE,FALSE,"None"
141,0.114476581244061,0.159099935335948,0.309890970929809,0.624443563798929,FALSE,FALSE,FALSE,FALSE,FALSE,"None"
142,0.108905618226353,0.182927633817765,0.430434230774246,0.620093268287224,FALSE,FALSE,FALSE,FALSE,FALSE,"None"
143,0.0915136885544453,0.167527025908913,0.436306286170363,0.640246990615038,FALSE,FALSE,TRUE,FALSE,FALSE,"SEI high only"
144,0.11876069481891,0.193345859189922,0.414613930575709,0.625522178164632,FALSE,FALSE,FALSE,FALSE,FALSE,"None"
145,0.125695355323618,0.182888084622678,0.341723375278729,0.680168330475985,FALSE,FALSE,FALSE,FALSE,FALSE,"None"
146,0.0820240998271744,0.173142319679976,0.483386921112067,0.521191113589405,FALSE,FALSE,TRUE,FALSE,FALSE,"SEI high only"
147,0.0854746523921961,0.170709507442808,0.457130129357277,0.539784876874711,FALSE,FALSE,TRUE,FALSE,FALSE,"SEI high only"
148,0.100604530809072,0.171068650137837,0.427754784727347,0.53951576585587,FALSE,FALSE,FALSE,FALSE,FALSE,"None"
149,0.088264667890368,0.165420963007792,0.425386144281788,0.517604493093923,FALSE,FALSE,FALSE,FALSE,FALSE,"None"
150,0.0865554893446056,0.151847032703158,0.421196222365349,0.46385228808682,FALSE,FALSE,FALSE,FALSE,FALSE,"None"
151,0.125175067257987,0.231118120648593,0.443505594286958,0.471024165971758,TRUE,FALSE,TRUE,FALSE,TRUE,"Joint: systemic"
152,0.113186880751631,0.187791535398504,0.423112136888837,0.502841779479247,FALSE,FALSE,FALSE,FALSE,FALSE,"None"
153,0.0894615101330786,0.188637977095339,0.47871576030347,0.491295667389659,FALSE,FALSE,TRUE,FALSE,FALSE,"SEI high only"
154,0.118728348562146,0.214223338781393,0.442055819883612,0.456214333250122,FALSE,FALSE,TRUE,FALSE,FALSE,"SEI high only"
155,0.14678814665326,0.217045979921937,0.378725051918519,0.32312646806183,FALSE,FALSE,FALSE,FALSE,FALSE,"None"
156,0.143731181203058,0.174282886543204,0.310820764181763,0.296576113030327,FALSE,FALSE,FALSE,FALSE,FALSE,"None"
157,0.134611828159554,0.170736594682748,0.325808265501421,0.284163375411028,FALSE,FALSE,FALSE,FALSE,FALSE,"None"
158,0.128960136672113,0.203732926437779,0.409343610763849,0.27572348643293,FALSE,FALSE,FALSE,FALSE,FALSE,"None"
159,0.107244882988484,0.180783637866184,0.440932576744934,0.188644628240951,FALSE,FALSE,TRUE,FALSE,FALSE,"SEI high only"
160,0.11911320992875,0.200659225673797,0.434422680051369,0.203686083780849,FALSE,FALSE,TRUE,FALSE,FALSE,"SEI high only"
161,0.114834819067184,0.196396441261399,0.447181584777283,0.0978676102391273,FALSE,FALSE,TRUE,FALSE,FALSE,"SEI high only"
162,0.119804554615622,0.195089319495419,0.412979836483353,0.0975805342896967,FALSE,FALSE,FALSE,FALSE,FALSE,"None"
163,0.0891446352142845,0.16918848919593,0.420806654130147,0.116079631810591,FALSE,FALSE,FALSE,FALSE,FALSE,"None"
164,0.111264004936189,0.132565338492525,0.281794188738168,0.370622882264465,FALSE,FALSE,FALSE,FALSE,FALSE,"None"
165,0.087670474681541,0.126977039772266,0.327015038758602,0.483358458949348,FALSE,FALSE,FALSE,FALSE,FALSE,"None"
166,0.0955289856073103,0.174671115683472,0.455624137709987,0.508736505674125,FALSE,FALSE,TRUE,FALSE,FALSE,"SEI high only"
167,0.0942072234357687,0.169542971503148,0.431972089891742,0.525548710642192,FALSE,FALSE,FALSE,FALSE,FALSE,"None"
168,0.115562873690818,0.178601992081613,0.394384798737443,0.538538993734756,FALSE,FALSE,FALSE,FALSE,FALSE,"None"
169,0.137818593782604,0.180169844098068,0.293817626735136,0.514785806474385,FALSE,FALSE,FALSE,FALSE,FALSE,"None"
170,0.116171747014405,0.225857371544775,0.460665740659176,0.595254030759181,FALSE,FALSE,TRUE,FALSE,FALSE,"SEI high only"
171,0.124980008441533,0.191539683834865,0.385485846181777,0.578465368029102,FALSE,FALSE,FALSE,FALSE,FALSE,"None"
172,0.131289362638811,0.201188868347039,0.365085584916525,0.548422207222049,FALSE,FALSE,FALSE,FALSE,FALSE,"None"
173,0.138301656246374,0.163500151153578,0.306147186109784,0.588296867886054,FALSE,FALSE,FALSE,FALSE,FALSE,"None"
174,0.137766742362741,0.159992905078711,0.301426519385101,0.584225797955129,FALSE,FALSE,FALSE,FALSE,FALSE,"None"
175,0.136408456268395,0.203763668214082,0.383812396317254,0.609953545887396,FALSE,FALSE,FALSE,FALSE,FALSE,"None"
176,0.121090086766872,0.184793769505402,0.393810375769273,0.619104023714723,FALSE,FALSE,FALSE,FALSE,FALSE,"None"
177,0.126717240004607,0.161958927069582,0.330393855531359,0.630607382618408,FALSE,FALSE,FALSE,FALSE,FALSE,"None"
178,0.1411746881912,0.196327949085114,0.356629278314013,0.59892253290903,FALSE,FALSE,FALSE,FALSE,FALSE,"None"
179,0.160415881838516,0.177833346696434,0.282739686560893,0.580659268438221,FALSE,FALSE,FALSE,FALSE,FALSE,"None"
180,0.136863081570256,0.236207355340772,0.405380801020472,0.549239746844015,TRUE,FALSE,FALSE,FALSE,FALSE,"NCI only"
181,0.164755011428461,0.230992489880747,0.337816951113961,0.445141586264569,TRUE,FALSE,FALSE,FALSE,FALSE,"NCI only"
182,0.130752763618476,0.178979617740202,0.353688285038181,0.436943214667463,FALSE,FALSE,FALSE,FALSE,FALSE,"None"
183,0.103344940795997,0.210772696016191,0.426868000794158,0.508930603277667,FALSE,FALSE,FALSE,FALSE,FALSE,"None"
184,0.109417192703018,0.233579017176799,0.475349424763886,0.514292174705132,TRUE,FALSE,TRUE,FALSE,TRUE,"Joint: systemic"
185,0.111916002870786,0.165541061948025,0.361012450899582,0.494216672308684,FALSE,FALSE,FALSE,FALSE,FALSE,"None"
186,0.0990520310805521,0.202045174615642,0.422951170843357,0.589871959015052,FALSE,FALSE,FALSE,FALSE,FALSE,"None"
187,0.104687633602599,0.182386736066801,0.422005043595304,0.641097938458783,FALSE,FALSE,FALSE,FALSE,FALSE,"None"
188,0.109560470785197,0.186242988067603,0.397522543608702,0.650742744000452,FALSE,FALSE,FALSE,FALSE,FALSE,"None"
189,0.116735013061521,0.150648161889088,0.321972537493183,0.674213654264368,FALSE,FALSE,FALSE,FALSE,FALSE,"None"
190,0.111154705493843,0.212791745748274,0.429914694344225,0.651121171670974,FALSE,FALSE,FALSE,FALSE,FALSE,"None"
191,0.124101106310704,0.217158628673518,0.358520145339034,0.621151342836152,FALSE,FALSE,FALSE,FALSE,FALSE,"None"
192,0.118983211961188,0.152035340114768,0.318954184804609,0.650545406099222,FALSE,FALSE,FALSE,FALSE,FALSE,"None"
193,0.10587071521166,0.225223432543662,0.475431970177943,0.661320758893339,FALSE,FALSE,TRUE,FALSE,FALSE,"SEI high only"
194,0.0906102784809332,0.168575566062027,0.421423793280255,0.565320442004081,FALSE,FALSE,FALSE,FALSE,FALSE,"None"
195,0.107064257255488,0.20616557749966,0.393930251248467,0.568282182582056,FALSE,FALSE,FALSE,FALSE,FALSE,"None"
196,0.0924601397613139,0.187506493797193,0.424024454603438,0.555027546635351,FALSE,FALSE,FALSE,FALSE,FALSE,"None"
197,0.0970651328546061,0.202695967590938,0.475799323783757,0.508630147836611,FALSE,FALSE,TRUE,FALSE,FALSE,"SEI high only"
198,0.0858117171860322,0.159985271219307,0.400211804680461,0.485473007482442,FALSE,FALSE,FALSE,FALSE,FALSE,"None"
199,0.09407755574027,0.142504944625019,0.318656280155996,0.556199130128805,FALSE,FALSE,FALSE,FALSE,FALSE,"None"
200,0.0791627184872506,0.132546672109674,0.398103484144913,0.522175661374373,FALSE,FALSE,FALSE,FALSE,FALSE,"None"
